Ref,Val,Package,PosX,PosY,Rot,Side
"J1","Conn_01x16","IDC-Header_2x08_P2.54mm_Horizontal",207.302500,-130.890000,0.000000,bottom
"J5","Conn_01x02","New_PhoenixContact_MC_1,5_2-G-5.08_1x02_P5.08mm_Horizontal",210.067500,-97.515000,-90.000000,bottom
"K5","AGQ200S12Z","Relay_2P2T_10x6mm_TE_IMxxG",75.000001,-99.000000,-90.000000,bottom
"K6","AGQ200S12Z","Relay_2P2T_10x6mm_TE_IMxxG",75.000001,-108.000000,-90.000000,bottom
"K7","AGQ200S12Z","Relay_2P2T_10x6mm_TE_IMxxG",75.000001,-117.000000,-90.000000,bottom
"K8","AGQ200S12Z","Relay_2P2T_10x6mm_TE_IMxxG",75.000000,-126.000000,-90.000000,bottom
"K13","AGQ200S12Z","Relay_2P2T_10x6mm_TE_IMxxG",86.000001,-99.000000,-90.000000,bottom
"K14","AGQ200S12Z","Relay_2P2T_10x6mm_TE_IMxxG",86.000001,-108.000000,-90.000000,bottom
"K15","AGQ200S12Z","Relay_2P2T_10x6mm_TE_IMxxG",86.000001,-117.000000,-90.000000,bottom
"K16","AGQ200S12Z","Relay_2P2T_10x6mm_TE_IMxxG",86.000000,-126.000000,-90.000000,bottom
"K21","AGQ200S12Z","Relay_2P2T_10x6mm_TE_IMxxG",97.000001,-99.000000,-90.000000,bottom
"K22","AGQ200S12Z","Relay_2P2T_10x6mm_TE_IMxxG",97.000001,-108.000000,-90.000000,bottom
"K23","AGQ200S12Z","Relay_2P2T_10x6mm_TE_IMxxG",97.000001,-117.000000,-90.000000,bottom
"K24","AGQ200S12Z","Relay_2P2T_10x6mm_TE_IMxxG",97.000000,-126.000000,-90.000000,bottom
"K29","AGQ200S12Z","Relay_2P2T_10x6mm_TE_IMxxG",108.000001,-99.000000,-90.000000,bottom
"K30","AGQ200S12Z","Relay_2P2T_10x6mm_TE_IMxxG",108.000001,-108.000000,-90.000000,bottom
"K31","AGQ200S12Z","Relay_2P2T_10x6mm_TE_IMxxG",108.000001,-117.000000,-90.000000,bottom
"K32","AGQ200S12Z","Relay_2P2T_10x6mm_TE_IMxxG",108.000000,-126.000000,-90.000000,bottom
"K37","AGQ200S12Z","Relay_2P2T_10x6mm_TE_IMxxG",119.000001,-99.000000,-90.000000,bottom
"K38","AGQ200S12Z","Relay_2P2T_10x6mm_TE_IMxxG",119.000001,-108.000000,-90.000000,bottom
"K39","AGQ200S12Z","Relay_2P2T_10x6mm_TE_IMxxG",119.000001,-117.000000,-90.000000,bottom
"K40","AGQ200S12Z","Relay_2P2T_10x6mm_TE_IMxxG",119.000000,-126.000000,-90.000000,bottom
"K45","AGQ200S12Z","Relay_2P2T_10x6mm_TE_IMxxG",130.000001,-99.000000,-90.000000,bottom
"K46","AGQ200S12Z","Relay_2P2T_10x6mm_TE_IMxxG",130.000001,-108.000000,-90.000000,bottom
"K47","AGQ200S12Z","Relay_2P2T_10x6mm_TE_IMxxG",130.000001,-117.000000,-90.000000,bottom
"K48","AGQ200S12Z","Relay_2P2T_10x6mm_TE_IMxxG",130.000000,-126.000000,-90.000000,bottom
"K53","AGQ200S12Z","Relay_2P2T_10x6mm_TE_IMxxG",141.000001,-99.000000,-90.000000,bottom
"K54","AGQ200S12Z","Relay_2P2T_10x6mm_TE_IMxxG",141.000001,-108.000000,-90.000000,bottom
"K55","AGQ200S12Z","Relay_2P2T_10x6mm_TE_IMxxG",141.000001,-117.000000,-90.000000,bottom
"K56","AGQ200S12Z","Relay_2P2T_10x6mm_TE_IMxxG",141.000000,-126.000000,-90.000000,bottom
"K61","AGQ200S12Z","Relay_2P2T_10x6mm_TE_IMxxG",152.000001,-99.000000,-90.000000,bottom
"K62","AGQ200S12Z","Relay_2P2T_10x6mm_TE_IMxxG",152.000001,-108.000000,-90.000000,bottom
"K63","AGQ200S12Z","Relay_2P2T_10x6mm_TE_IMxxG",152.000001,-117.000000,-90.000000,bottom
"K64","AGQ200S12Z","Relay_2P2T_10x6mm_TE_IMxxG",152.000000,-126.000000,-90.000000,bottom
"K69","AGQ200S12Z","Relay_2P2T_10x6mm_TE_IMxxG",163.000001,-99.000000,-90.000000,bottom
"K70","AGQ200S12Z","Relay_2P2T_10x6mm_TE_IMxxG",163.000001,-108.000000,-90.000000,bottom
"K71","AGQ200S12Z","Relay_2P2T_10x6mm_TE_IMxxG",163.000001,-117.000000,-90.000000,bottom
"K72","AGQ200S12Z","Relay_2P2T_10x6mm_TE_IMxxG",163.000000,-126.000000,-90.000000,bottom
"K77","AGQ200S12Z","Relay_2P2T_10x6mm_TE_IMxxG",174.000001,-99.000000,-90.000000,bottom
"K78","AGQ200S12Z","Relay_2P2T_10x6mm_TE_IMxxG",174.000001,-108.000000,-90.000000,bottom
"K79","AGQ200S12Z","Relay_2P2T_10x6mm_TE_IMxxG",174.000001,-117.000000,-90.000000,bottom
"K80","AGQ200S12Z","Relay_2P2T_10x6mm_TE_IMxxG",174.000000,-126.000000,-90.000000,bottom
"K85","AGQ200S12Z","Relay_2P2T_10x6mm_TE_IMxxG",185.000001,-99.000000,-90.000000,bottom
"K86","AGQ200S12Z","Relay_2P2T_10x6mm_TE_IMxxG",185.000001,-108.000000,-90.000000,bottom
"K87","AGQ200S12Z","Relay_2P2T_10x6mm_TE_IMxxG",185.000001,-117.000000,-90.000000,bottom
"K88","AGQ200S12Z","Relay_2P2T_10x6mm_TE_IMxxG",185.000000,-126.000000,-90.000000,bottom
"K93","AGQ200S12Z","Relay_2P2T_10x6mm_TE_IMxxG",196.000001,-99.000000,-90.000000,bottom
"K94","AGQ200S12Z","Relay_2P2T_10x6mm_TE_IMxxG",196.000001,-108.000000,-90.000000,bottom
"K95","AGQ200S12Z","Relay_2P2T_10x6mm_TE_IMxxG",196.000001,-117.000000,-90.000000,bottom
"K96","AGQ200S12Z","Relay_2P2T_10x6mm_TE_IMxxG",196.000000,-126.000000,-90.000000,bottom
"C1","0.1uF","C_0603_1608Metric",201.500000,-135.000000,-90.000000,top
"C2","0.1uF","C_0603_1608Metric",201.500000,-140.000000,-90.000000,top
"C3","0.1uF","C_0603_1608Metric",71.834000,-136.128001,90.000000,top
"C4","0.1uF","C_0603_1608Metric",82.834000,-136.128001,90.000000,top
"C5","0.1uF","C_0603_1608Metric",93.834000,-136.128001,90.000000,top
"C6","0.1uF","C_0603_1608Metric",104.834000,-136.128001,90.000000,top
"C7","0.1uF","C_0603_1608Metric",115.834000,-136.128001,90.000000,top
"C8","0.1uF","C_0603_1608Metric",126.834000,-136.128001,90.000000,top
"C9","0.1uF","C_0603_1608Metric",137.834000,-136.128001,90.000000,top
"C10","0.1uF","C_0603_1608Metric",148.834000,-136.128001,90.000000,top
"C11","0.1uF","C_0603_1608Metric",159.834000,-136.128001,90.000000,top
"C12","0.1uF","C_0603_1608Metric",170.834000,-136.128001,90.000000,top
"C13","0.1uF","C_0603_1608Metric",181.834000,-136.128001,90.000000,top
"C14","0.1uF","C_0603_1608Metric",192.834000,-136.128001,90.000000,top
"J2","Conn_01x16","IDC-Header_2x08_P2.54mm_Horizontal",63.697500,-130.890000,180.000000,top
"J3","1847712","New_PhoenixContact_MC_1,5_12-GF-5.08_1x12_P5.08mm_Horizontal_ThreadedFlange_MountHole",127.580000,-89.932500,180.000000,top
"J4","1847712","New_PhoenixContact_MC_1,5_12-GF-5.08_1x12_P5.08mm_Horizontal_ThreadedFlange_MountHole",198.885000,-89.932500,180.000000,top
"J6","Conn_01x02","New_PhoenixContact_MC_1,5_2-G-5.08_1x02_P5.08mm_Horizontal",59.932500,-97.515000,-90.000000,top
"JP1","Jumper_2_Bridged","R_0805_2012Metric",65.000000,-108.000000,90.000000,top
"JP2","Jumper_2_Bridged","R_0805_2012Metric",62.000000,-107.912500,90.000000,top
"JP3","Jumper_2_Bridged","R_0805_2012Metric",204.000000,-108.000000,90.000000,top
"JP4","Jumper_2_Bridged","R_0805_2012Metric",208.000000,-108.000000,90.000000,top
"JP5","Jumper_2_Bridged","R_0603_1608Metric",68.794227,-136.118808,90.000000,top
"JP6","Jumper_2_Bridged","R_0603_1608Metric",70.294227,-136.118808,90.000000,top
"K1","AGQ200S12Z","Relay_2P2T_10x6mm_TE_IMxxG",75.000000,-99.000000,-90.000000,top
"K2","AGQ200S12Z","Relay_2P2T_10x6mm_TE_IMxxG",75.000000,-108.000000,-90.000000,top
"K3","AGQ200S12Z","Relay_2P2T_10x6mm_TE_IMxxG",75.000000,-117.000000,-90.000000,top
"K4","AGQ200S12Z","Relay_2P2T_10x6mm_TE_IMxxG",75.000000,-126.000000,-90.000000,top
"K9","AGQ200S12Z","Relay_2P2T_10x6mm_TE_IMxxG",86.000000,-99.000000,-90.000000,top
"K10","AGQ200S12Z","Relay_2P2T_10x6mm_TE_IMxxG",86.000000,-108.000000,-90.000000,top
"K11","AGQ200S12Z","Relay_2P2T_10x6mm_TE_IMxxG",86.000000,-117.000000,-90.000000,top
"K12","AGQ200S12Z","Relay_2P2T_10x6mm_TE_IMxxG",86.000000,-126.000000,-90.000000,top
"K17","AGQ200S12Z","Relay_2P2T_10x6mm_TE_IMxxG",97.000000,-99.000000,-90.000000,top
"K18","AGQ200S12Z","Relay_2P2T_10x6mm_TE_IMxxG",97.000000,-108.000000,-90.000000,top
"K19","AGQ200S12Z","Relay_2P2T_10x6mm_TE_IMxxG",97.000000,-117.000000,-90.000000,top
"K20","AGQ200S12Z","Relay_2P2T_10x6mm_TE_IMxxG",97.000000,-126.000000,-90.000000,top
"K25","AGQ200S12Z","Relay_2P2T_10x6mm_TE_IMxxG",108.000000,-99.000000,-90.000000,top
"K26","AGQ200S12Z","Relay_2P2T_10x6mm_TE_IMxxG",108.000000,-108.000000,-90.000000,top
"K27","AGQ200S12Z","Relay_2P2T_10x6mm_TE_IMxxG",108.000000,-117.000000,-90.000000,top
"K28","AGQ200S12Z","Relay_2P2T_10x6mm_TE_IMxxG",108.000000,-126.000000,-90.000000,top
"K33","AGQ200S12Z","Relay_2P2T_10x6mm_TE_IMxxG",119.000000,-99.000000,-90.000000,top
"K34","AGQ200S12Z","Relay_2P2T_10x6mm_TE_IMxxG",119.000000,-108.000000,-90.000000,top
"K35","AGQ200S12Z","Relay_2P2T_10x6mm_TE_IMxxG",119.000000,-117.000000,-90.000000,top
"K36","AGQ200S12Z","Relay_2P2T_10x6mm_TE_IMxxG",119.000000,-126.000000,-90.000000,top
"K41","AGQ200S12Z","Relay_2P2T_10x6mm_TE_IMxxG",130.000000,-99.000000,-90.000000,top
"K42","AGQ200S12Z","Relay_2P2T_10x6mm_TE_IMxxG",130.000000,-108.000000,-90.000000,top
"K43","AGQ200S12Z","Relay_2P2T_10x6mm_TE_IMxxG",130.000000,-117.000000,-90.000000,top
"K44","AGQ200S12Z","Relay_2P2T_10x6mm_TE_IMxxG",130.000000,-126.000000,-90.000000,top
"K49","AGQ200S12Z","Relay_2P2T_10x6mm_TE_IMxxG",141.000000,-99.000000,-90.000000,top
"K50","AGQ200S12Z","Relay_2P2T_10x6mm_TE_IMxxG",141.000000,-108.000000,-90.000000,top
"K51","AGQ200S12Z","Relay_2P2T_10x6mm_TE_IMxxG",141.000000,-117.000000,-90.000000,top
"K52","AGQ200S12Z","Relay_2P2T_10x6mm_TE_IMxxG",141.000000,-126.000000,-90.000000,top
"K57","AGQ200S12Z","Relay_2P2T_10x6mm_TE_IMxxG",152.000000,-99.000000,-90.000000,top
"K58","AGQ200S12Z","Relay_2P2T_10x6mm_TE_IMxxG",152.000000,-108.000000,-90.000000,top
"K59","AGQ200S12Z","Relay_2P2T_10x6mm_TE_IMxxG",152.000000,-117.000000,-90.000000,top
"K60","AGQ200S12Z","Relay_2P2T_10x6mm_TE_IMxxG",152.000000,-126.000000,-90.000000,top
"K65","AGQ200S12Z","Relay_2P2T_10x6mm_TE_IMxxG",163.000000,-99.000000,-90.000000,top
"K66","AGQ200S12Z","Relay_2P2T_10x6mm_TE_IMxxG",163.000000,-108.000000,-90.000000,top
"K67","AGQ200S12Z","Relay_2P2T_10x6mm_TE_IMxxG",163.000000,-117.000000,-90.000000,top
"K68","AGQ200S12Z","Relay_2P2T_10x6mm_TE_IMxxG",163.000000,-126.000000,-90.000000,top
"K73","AGQ200S12Z","Relay_2P2T_10x6mm_TE_IMxxG",174.000000,-99.000000,-90.000000,top
"K74","AGQ200S12Z","Relay_2P2T_10x6mm_TE_IMxxG",174.000000,-108.000000,-90.000000,top
"K75","AGQ200S12Z","Relay_2P2T_10x6mm_TE_IMxxG",174.000000,-117.000000,-90.000000,top
"K76","AGQ200S12Z","Relay_2P2T_10x6mm_TE_IMxxG",174.000000,-126.000000,-90.000000,top
"K81","AGQ200S12Z","Relay_2P2T_10x6mm_TE_IMxxG",185.000000,-99.000000,-90.000000,top
"K82","AGQ200S12Z","Relay_2P2T_10x6mm_TE_IMxxG",185.000000,-108.000000,-90.000000,top
"K83","AGQ200S12Z","Relay_2P2T_10x6mm_TE_IMxxG",185.000000,-117.000000,-90.000000,top
"K84","AGQ200S12Z","Relay_2P2T_10x6mm_TE_IMxxG",185.000000,-126.000000,-90.000000,top
"K89","AGQ200S12Z","Relay_2P2T_10x6mm_TE_IMxxG",196.000000,-99.000000,-90.000000,top
"K90","AGQ200S12Z","Relay_2P2T_10x6mm_TE_IMxxG",196.000000,-108.000000,-90.000000,top
"K91","AGQ200S12Z","Relay_2P2T_10x6mm_TE_IMxxG",196.000000,-117.000000,-90.000000,top
"K92","AGQ200S12Z","Relay_2P2T_10x6mm_TE_IMxxG",196.000000,-126.000000,-90.000000,top
"R1","10k","R_0603_1608Metric",207.500000,-136.000000,90.000000,top
"R2","10k","R_0603_1608Metric",67.000000,-131.000000,180.000000,top
"R3","10k","R_0603_1608Metric",67.000000,-128.000000,180.000000,top
"R4","10k","R_0603_1608Metric",67.000000,-129.500000,180.000000,top
"R5","10k","R_0603_1608Metric",67.000000,-126.500000,180.000000,top
"R6","10k","R_0603_1608Metric",67.000000,-125.000000,180.000000,top
"R7","10k","R_0603_1608Metric",206.000000,-136.000000,90.000000,top
"U1","SN74LVC3G34DCUR","VSSOP-8_2.3x2mm_P0.5mm",204.000000,-140.000000,90.000000,top
"U2","SN74LVC3G34DCUR","VSSOP-8_2.3x2mm_P0.5mm",204.000000,-135.000000,90.000000,top
"U3","TPIC6C596","TSSOP-16_4.4x5mm_P0.65mm",75.644000,-136.382000,90.000000,top
"U4","TPIC6C596","TSSOP-16_4.4x5mm_P0.65mm",86.644000,-136.382000,90.000000,top
"U5","TPIC6C596","TSSOP-16_4.4x5mm_P0.65mm",97.644000,-136.382000,90.000000,top
"U6","TPIC6C596","TSSOP-16_4.4x5mm_P0.65mm",108.644000,-136.382000,90.000000,top
"U7","TPIC6C596","TSSOP-16_4.4x5mm_P0.65mm",119.644000,-136.382000,90.000000,top
"U8","TPIC6C596","TSSOP-16_4.4x5mm_P0.65mm",130.644000,-136.382000,90.000000,top
"U9","TPIC6C596","TSSOP-16_4.4x5mm_P0.65mm",141.644000,-136.382000,90.000000,top
"U10","TPIC6C596","TSSOP-16_4.4x5mm_P0.65mm",152.644000,-136.382000,90.000000,top
"U11","TPIC6C596","TSSOP-16_4.4x5mm_P0.65mm",163.644000,-136.382000,90.000000,top
"U12","TPIC6C596","TSSOP-16_4.4x5mm_P0.65mm",174.644000,-136.382000,90.000000,top
"U13","TPIC6C596","TSSOP-16_4.4x5mm_P0.65mm",185.644000,-136.382000,90.000000,top
"U14","TPIC6C596","TSSOP-16_4.4x5mm_P0.65mm",196.644000,-136.382000,90.000000,top
